,점포명,별점,이미지,방문자 리뷰 수,블로그 리뷰 수,평점
0,원조범일동매떡,4.27,https://search.pstatic.net/common/?autoRotate=true&type=w278_sharpen&src=https%3A%2F%2Fldb-phinf.pstatic.net%2F%2F20161029_271%2F14776752037571tRDb_JPEG%2FMessage_1476925076979.jpg,993,1194,9.07
1,범일빈대떡,4.48,https://search.pstatic.net/common/?autoRotate=true&type=w278_sharpen&src=https%3A%2F%2Fldb-phinf.pstatic.net%2F%2F20170218_170%2F14874150686357VDc0_JPEG%2FIMG_3546.jpg,543,312,9.02
2,원조순대집,,https://search.pstatic.net/common/?autoRotate=true&type=w278_sharpen&src=https%3A%2F%2Fldb-phinf.pstatic.net%2F20180702_198%2F15304997833974yylQ_JPEG%2F1b7o-BenX-QfFVDhcrcuiD_1.jpg,,13,
3,네살차이,4.65,https://search.pstatic.net/common/?autoRotate=true&type=w278_sharpen&src=https%3A%2F%2Fldb-phinf.pstatic.net%2F20201025_201%2F1603629254230kBWKY_JPEG%2F4A2Baym6OhsMZuWMPn5mJSIL.jpeg.jpg,567,1131,9.31
4,오륙도낙지 범일본점,4.44,,239,83,8.68
5,Auriver,5,https://search.pstatic.net/common/?autoRotate=true&type=w560_sharpen&src=https%3A%2F%2Fldb-phinf.pstatic.net%2F20211230_164%2F1640844919375hvT2X_JPEG%2FP1059366.jpg,59,20,9.1
6,큐미정,3.99,,50,37,8.09
7,신흥관,4.7,,50,10,8.8
8,장수밀면본점,4.27,,228,15,8.51
9,카페 일로,4.55,https://search.pstatic.net/common/?autoRotate=true&type=w278_sharpen&src=https%3A%2F%2Fldb-phinf.pstatic.net%2F20210228_92%2F1614477720005xkeTY_JPEG%2FuV4k-KTjJWnjUWsv_xOrN8qk.jpg,215,49,8.79
10,할매곱창집,4.48,,160,58,8.58
11,굽네치킨 부산범천점,4.62,,,8,
12,우리동네168,4.61,,256,22,8.85
13,태화통닭,4.42,,53,62,8.52
14,39아구찜,4.4,,87,14,8.5
15,웅복,4.45,,70,18,8.55
16,정일품식육식당,4.41,,477,54,8.79
17,조방돼지국밥,4.33,,117,6,8.43
18,그나비,,https://search.pstatic.net/common/?autoRotate=true&type=w278_sharpen&src=https%3A%2F%2Fldb-phinf.pstatic.net%2F20211217_178%2F1639709138945AXoc4_JPEG%2F20211216_101917.jpg,1,11,
19,카페카라카,4.88,https://search.pstatic.net/common/?autoRotate=true&type=w278_sharpen&src=https%3A%2F%2Fldb-phinf.pstatic.net%2F20201119_91%2F1605781333653eoDd6_JPEG%2F46Q8hkZ9DpTgYtOuTbqcoojB.jpg,23,11,8.98
20,본죽 부산진역점,4.47,https://search.pstatic.net/common/?autoRotate=true&type=w278_sharpen&src=https%3A%2F%2Fldb-phinf.pstatic.net%2F20210910_267%2F1631251422069sVCzx_JPEG%2Ffj-rT0LKvOcH2RQHzvUciHrd.jpg,417,8,8.85
21,Cafe 가볍고복잡한,4.72,https://search.pstatic.net/common/?autoRotate=true&type=w278_sharpen&src=https%3A%2F%2Fldb-phinf.pstatic.net%2F20190408_75%2F1554692369360W3wH3_JPEG%2Fnyjt11nlmEoO0-eiNuSyUjUm.jpg,38,25,8.82
22,미조,4.19,,130,18,8.29
23,옥숙이손칼국수,4.37,https://search.pstatic.net/common/?autoRotate=true&type=w278_sharpen&src=https%3A%2F%2Fldb-phinf.pstatic.net%2F20200629_170%2F15933995460302xUY2_JPEG%2FluJXF8pxaIL7gVEaczlNE8ZG.jpg,196,89,8.47
24,좌천집,4.75,,22,7,8.85
25,대청 현대백화점부산점,4.42,,619,42,8.94
26,이대충무할매김밥,4.33,,349,4,8.64
27,사거리만두,4.2,https://search.pstatic.net/common/?autoRotate=true&type=w278_sharpen&src=https%3A%2F%2Fldb-phinf.pstatic.net%2F20181221_135%2F1545366827769C6wBN_PNG%2FyZ3lmshmlTFt5SaMsbGrzsPk.png,12,6,8.3
28,마라소호,4.76,https://search.pstatic.net/common/?autoRotate=true&type=w278_sharpen&src=https%3A%2F%2Fldb-phinf.pstatic.net%2F20210129_19%2F1611846989125gHUD1_JPEG%2FmAQYTAH3xXl6fSC9odZHo6_e.jpeg.jpg,56,4,8.86
29,준마참치,4.58,https://search.pstatic.net/common/?autoRotate=true&type=w278_sharpen&src=https%3A%2F%2Fldb-phinf.pstatic.net%2F20200117_71%2F1579259403678P0Yrh_JPEG%2Fnz4WFlL7Fm4krlABqc1qiiFI.jpg,28,6,8.68
30,양산도 현대백화점부산점,4.51,https://search.pstatic.net/common/?autoRotate=true&type=w278_sharpen&src=https%3A%2F%2Fldb-phinf.pstatic.net%2F20200413_277%2F1586749913446JgPGk_JPEG%2FmYSdn0toVFUO757WXRt8rnLF.jpg,457,149,8.89
31,명성횟집,4.24,https://search.pstatic.net/common/?autoRotate=true&type=w278_sharpen&src=https%3A%2F%2Fldb-phinf.pstatic.net%2F20200428_36%2F1588081111388gXhFK_JPEG%2F6PsXd17a73eVYE-WweE18oLV.jpg,406,296,8.68
32,영주한우숯불갈비,4.25,,271,21,8.49
33,하삼동커피 부산진역점,4.42,,397,3,8.73
34,철마한우곰탕,4.44,,137,30,8.54
35,할매떡볶이,,https://search.pstatic.net/common/?autoRotate=true&type=w278_sharpen&src=https%3A%2F%2Fldb-phinf.pstatic.net%2F20190722_7%2F1563757162102R0lNp_JPEG%2FmRwzpyEJBJeDpLsnyB68frWA.jpg,3,3,
36,정항우케익 좌천역점,4.57,https://search.pstatic.net/common/?autoRotate=true&type=w278_sharpen&src=https%3A%2F%2Fldb-phinf.pstatic.net%2F20200707_250%2F1594108888652NEBpV_JPEG%2FgSDRZHUSKodwVSnakCwN7rRI.jpg,16,,
37,옛날전통손칼국수,,,2,14,
38,랑만 현대백화점 부산점,,https://search.pstatic.net/common/?autoRotate=true&type=w278_sharpen&src=https%3A%2F%2Fldb-phinf.pstatic.net%2F20220220_296%2F1645343666863Lp5zK_JPEG%2FKakaoTalk_20220220_165106134.jpg,48,42,
39,바다횟집,4.7,,74,6,8.8
40,매운떡볶이,,,8,28,
41,바우네나주곰탕 범일점,4.49,https://search.pstatic.net/common/?autoRotate=true&type=w278_sharpen&src=https%3A%2F%2Fldb-phinf.pstatic.net%2F20181121_169%2F1542786827357nX97S_JPEG%2FI-iLm1ck38un_7XJu1Y-QNN8.jpg,175,13,8.59
42,지코바 수정점,4.39,,37,,
43,바사삭치킨강정 범일점,4.36,,96,9,8.46
44,커피인트리,4.32,,22,2,8.42
45,직화장수쭈꾸미,4.46,,129,11,8.56
46,나베야돈까스 본점,,,59,8,
47,중앙횟집,4.54,,89,5,8.64
48,미스코다리미스터황태 부산좌천점,4.3,,107,98,8.4
49,비바케밥 부산1호점,,,1,1,
50,생대복,4.29,https://search.pstatic.net/common/?autoRotate=true&type=w278_sharpen&src=https%3A%2F%2Fldb-phinf.pstatic.net%2F20190129_273%2F1548740815971esHPD_JPEG%2F3vBPWgH-mJSwGzKVKHm3ky79.jpeg.jpg,81,5,8.39
51,북경,4.44,https://search.pstatic.net/common/?autoRotate=true&type=w278_sharpen&src=https%3A%2F%2Fldb-phinf.pstatic.net%2F20200317_261%2F1584448061198FJIAV_JPEG%2FkuM32oKz6E9kn6_0dEHghYny.jpg,206,64,8.68
52,장원돼지국밥,4.4,https://search.pstatic.net/common/?autoRotate=true&type=w278_sharpen&src=https%3A%2F%2Fldb-phinf.pstatic.net%2F20150901_201%2F14410678699777z8ek_JPEG%2FSUBMIT_1386769035618_16468354.jpg,301,40,8.71
53,카페봄봄 범천점,,https://search.pstatic.net/common/?autoRotate=true&type=w278_sharpen&src=https%3A%2F%2Fldb-phinf.pstatic.net%2F20211104_208%2F16359879488286dzqm_JPEG%2F9ZAtUIpmef70FdFl0elYFfOZ.jpg,26,10,
54,조마루뼈다귀 수정점,4.26,,258,13,8.5
55,카페 라모드,,,62,4,
56,cla,,,3,11,
57,섬진강재첩국,4.36,,165,18,8.46
58,중앙밀면,4.36,,26,13,8.46
59,태화반점,4.6,,36,3,8.7
60,티바두마리치킨 부산수정시장점,4.56,,,2,
61,가가와,4.53,https://search.pstatic.net/common/?autoRotate=true&type=w278_sharpen&src=https%3A%2F%2Fldb-phinf.pstatic.net%2F20220112_77%2F1641970054028tr5Y5_JPEG%2F%25B4%25DC%25B5%25B6%25BC%25A6_4._%25C4%25A1%25C1%25EE%25B1%25EE%25BD%25BA%25C1%25A4%25BD%25C4_%2528121%2529.jpg,1007,1035,9.33
62,천춘일 식당,,,13,25,
63,BBQ치킨 부산동구청점,,,,1,
64,컴포즈커피 범천점,4.31,https://search.pstatic.net/common/?autoRotate=true&type=w278_sharpen&src=https%3A%2F%2Fldb-phinf.pstatic.net%2F20210801_178%2F1627824622775Vvmu6_JPEG%2Fd2j-OQ-SlDS3LW7GDsO14GZz.jpg,479,9,8.69
65,어보  현대백화점부산점,4.2,https://search.pstatic.net/common/?autoRotate=true&type=w278_sharpen&src=https%3A%2F%2Fldb-phinf.pstatic.net%2F20210909_208%2F16311757359311Pyty_JPEG%2Flc9xzraTcAEoMet67GrnvN_y.jpg,107,12,8.3
66,칼질천번,4.4,https://search.pstatic.net/common/?autoRotate=true&type=w278_sharpen&src=https%3A%2F%2Fldb-phinf.pstatic.net%2F20180616_280%2F1529121154855zwqOj_JPEG%2FUwIWL3nl9cuCuDEC1lvoh_et.jpg,516,281,8.91
67,숙성명가또돈,,https://search.pstatic.net/common/?autoRotate=true&type=w278_sharpen&src=https%3A%2F%2Fldb-phinf.pstatic.net%2F20220227_7%2F1645887863753VIkvo_JPEG%2F20220223_143216.jpg,41,2,
68,하이오커피 범일점,,https://search.pstatic.net/common/?autoRotate=true&type=w278_sharpen&src=https%3A%2F%2Fldb-phinf.pstatic.net%2F20211215_169%2F1639570809460vLD1x_JPEG%2FKakaoTalk_20211215_210954794_06.jpg,120,3,
69,에스티 커피,4.39,,206,9,8.63
70,클라,4.62,,69,5,8.72
71,60년전통할매국밥,4.33,https://search.pstatic.net/common/?autoRotate=true&type=w560_sharpen&src=http%3A%2F%2Fblogfiles.naver.net%2FMjAxNzA4MjlfMjcy%2FMDAxNTAzOTY3OTQxMTAx.fUT0-nmKHhmzY4K_h0Rpvl949d-eACehBDSfnNUoozog.xCEkXwD3KTOGApUrbLY2bgGEXx3r1wC5XmOAhrxrpp0g.JPEG.kimsw-1013%2FKakaoTalk_20170824_124917174.jpg,1620,1516,9.23
72,디디씨치킨 범천점,4.56,,166,9,8.66
73,양정명동찌개마을 수정점,4.41,,193,8,8.51
74,오뚜기 식당,,,36,9,
75,cafe레브 일신기독병원점,4.44,,178,4,8.54
76,오뚝이국수,,,18,,
77,만조통닭,,,,6,
78,더리터 수정점,4.47,,93,1,8.57
79,용꿈,4.32,,42,87,8.42
80,수정반점,4.49,,95,2,8.59
81,밥심 술심,,,,4,
82,초류향,4.45,,33,2,8.55
83,산청한방돼지국밥,4.52,,141,8,8.62
84,걸작떡볶이치킨 부산범천점,3.25,,,6,
85,커피나무,4.75,,19,1,8.85
86,진주비빔밥,,,26,1,
87,달인추어탕,4.35,,236,7,8.59
88,원조할매낙지,4.39,https://search.pstatic.net/common/?autoRotate=true&type=w560_sharpen&src=https%3A%2F%2Fldb-phinf.pstatic.net%2F20190114_231%2F1547453902354Pa8Sc_JPEG%2FnSTFjmFR0TAkX0jVh6dK-xSZ.jpg,1720,731,9.23
89,하카타도넛,4.33,,85,1,8.43
90,한우천국,,,1,14,
91,상미한식,4.32,https://search.pstatic.net/common/?autoRotate=true&type=w278_sharpen&src=https%3A%2F%2Fldb-phinf.pstatic.net%2F20190129_206%2F1548740429995fmE9N_JPEG%2FKLn9Bppvh_uzU0a6ghY6-yc-.jpeg.jpg,81,1,8.42
92,용성루,4.56,,15,,
93,청와대숯불갈비,4.07,https://search.pstatic.net/common/?autoRotate=true&type=w278_sharpen&src=https%3A%2F%2Fldb-phinf.pstatic.net%2F20190127_68%2F1548588649224aHSFu_JPEG%2FYrOzEUaDWUqiTo-gGenzUOzC.jpeg.jpg,20,3,8.17
94,맘스김밥,4.5,,28,,
95,원제면소,4.93,https://search.pstatic.net/common/?autoRotate=true&type=w278_sharpen&src=https%3A%2F%2Fldb-phinf.pstatic.net%2F20210928_40%2F1632807151447Qgobu_JPEG%2FHyqYII7ufK28dLQbdUYZVRMh.jpg,100,10,9.03
96,문현포차문포18,4.4,https://search.pstatic.net/common/?autoRotate=true&type=w278_sharpen&src=https%3A%2F%2Fldb-phinf.pstatic.net%2F20200617_55%2F1592366181666lMihR_JPEG%2FTcr83ggfUFbRb7QKwY5iTETY.jpg,11,1,8.5
97,골드커피,,https://search.pstatic.net/common/?autoRotate=true&type=w278_sharpen&src=https%3A%2F%2Fldb-phinf.pstatic.net%2F20211214_84%2F163946429871883Ma7_JPEG%2FKakaoTalk_20211214_103644784_07.jpg,7,4,
98,애드본카페,4.49,,208,4,8.73
99,범천녹두밭,4.46,https://search.pstatic.net/common/?autoRotate=true&type=w278_sharpen&src=https%3A%2F%2Fldb-phinf.pstatic.net%2F20200217_284%2F15818712354388BYqI_JPEG%2FZAxzLhxmJjL74vzL_R_qYER5.jpg,34,2,8.56
100,옛날손칼국수,,https://search.pstatic.net/common/?autoRotate=true&type=w278_sharpen&src=https%3A%2F%2Fldb-phinf.pstatic.net%2F20190125_93%2F154841496124632WzA_JPEG%2F17x-BkET9tQV0OR-vH9YQOJB.jpg,4,12,
101,문현숯불곱창,4.63,,83,11,8.73
102,진죽공방 현대백화점부산점,4.44,https://search.pstatic.net/common/?autoRotate=true&type=w278_sharpen&src=https%3A%2F%2Fldb-phinf.pstatic.net%2F20190823_236%2F1566533339012JmfCF_JPEG%2FUh0H79XAggt-bWF1NesHl6n-.jpeg.jpg,27,1,8.54
103,다도해해물아구찜,,https://search.pstatic.net/common/?autoRotate=true&type=w278_sharpen&src=https%3A%2F%2Fldb-phinf.pstatic.net%2F20191201_297%2F15751336625724lwE0_JPEG%2F74MNhPheMn48lekhHgJnqnjv.jpg,7,4,
104,앤티앤스 현대부산점,4.08,https://search.pstatic.net/common/?autoRotate=true&type=w278_sharpen&src=https%3A%2F%2Fldb-phinf.pstatic.net%2F20190613_296%2F1560391293221lLRMc_JPEG%2F5RxDyktVQRdidfmHSCelENa4.jpg,23,3,8.18
105,루반도르 현대백화점 부산점,4.5,,340,19,8.81
106,수정식당,4.25,,23,1,8.35
107,해리스 좌천일신기독병원점,4.45,,56,1,8.55
108,까치돈까스,4.14,,22,1,8.24
109,엄마손칼국수,4.34,,87,4,8.44
110,은화수식당 범일동점,4.27,,184,62,8.37
111,요거트 아이스크림의 정석 부산진역점,,,2,4,
112,엘레오스,,,2,36,
113,가야정,4.27,,48,7,8.37
114,빈스킹토스트 현대백화점부산점,,,2,,
115,우리나라횟집,,,7,1,
116,꼬지사께 부산범일점,4.23,,15,7,8.33
117,떡실신,3.55,,20,3,7.65
118,진영곱창,4.55,https://search.pstatic.net/common/?autoRotate=true&type=w278_sharpen&src=https%3A%2F%2Fldb-phinf.pstatic.net%2F20200904_122%2F1599205043507botmF_JPEG%2FIoHnE1DrmzQReUmxxGuxk3Hw.jpg,191,64,8.65
119,온정밥상,4.44,,19,,
120,미아케이크,4.34,https://search.pstatic.net/common/?autoRotate=true&type=w278_sharpen&src=https%3A%2F%2Fldb-phinf.pstatic.net%2F20181013_111%2F1539412559297qJwg1_JPEG%2F2e0antJOoAoz65oZHbThMiU4.JPG.jpg,20,198,8.44
121,남문각,,,5,1,
122,스마일만나찹쌀꽈배기 수정점,,https://search.pstatic.net/common/?autoRotate=true&type=w278_sharpen&src=https%3A%2F%2Fldb-phinf.pstatic.net%2F20200428_196%2F1588081419781j6Hli_JPEG%2FIkLNinGL8r4C6bi5Uvd__aab.jpg,3,14,
123,도담샤브 현대백화점 부산점,4.58,,115,9,8.68
124,아델라7 현대백화점 부산점,4.54,,128,2,8.64
125,샤브혼 현대백화점 부산점,4.46,,161,14,8.56
126,카페051 범천점,,,55,,
127,복성루,4.36,,147,,
128,은하식당,,,1,3,
129,아이리쉬,4.42,,108,1,8.52
130,홍보성,4.27,,39,2,8.37
131,홍보석 현대백화점부산점,4.37,,270,54,8.61
132,성화숯불갈비,,,7,,
133,오가네손칼국수,,,9,3,
134,중앙곱창막창,3.75,,10,3,7.85
135,511더치앤커피 부산진역점,4.31,,63,2,8.41
136,도토리편백집 현대백화점 부산점,,,1,,
137,행복식당,4.42,,11,2,8.52
138,문어사냥,,,,1,
139,커피인트리,4.31,,15,,
140,장수촌24시순대돼지국밥,4.39,,924,46,8.98
141,하루나루 케이크 하우스,4.2,,28,14,8.3
142,바다소리횟집,,,,,
143,카페렌토,,https://search.pstatic.net/common/?autoRotate=true&type=w278_sharpen&src=https%3A%2F%2Fldb-phinf.pstatic.net%2F20220526_264%2F1653543479037h0E3C_JPEG%2F%25B7%25BB%25C5%25E4_%25B3%25D7%25C0%25CC%25B9%25F6_%25B4%25EB%25C7%25A5%25BB%25E7%25C1%25F8-page-001.jpg,1,,
144,OK암소갈비 본점,4.52,https://search.pstatic.net/common/?autoRotate=true&type=w278_sharpen&src=https%3A%2F%2Fldb-phinf.pstatic.net%2F20200604_18%2F15912817178654FMgS_JPEG%2FAxksis9t5VRZPkQymwpBFIyh.jpg,113,13,8.62
145,할매집,,,1,,
146,돼지밥집,,,,,
147,편장군족발 현대백화점 부산점,4.32,https://search.pstatic.net/common/?autoRotate=true&type=w278_sharpen&src=https%3A%2F%2Fldb-phinf.pstatic.net%2F20200518_207%2F1589798355933pomy0_JPEG%2F5g8mcs-HpbP0DnRC3EKL4T2z.jpg,418,2,8.7
148,웅촌식육점,,,1,2,
149,캐비아치킨,4.25,,10,,
150,조방기사식당,,,2,3,
151,수정루,,,5,,
152,수정각,4.37,,78,1,8.47
153,인잇 현대백화점부산점,,,9,3,
154,육교식당,,,4,,
155,대동국식당,,,3,1,
156,영계마을,4.39,,32,5,8.49
157,송백숯불농원,4.27,https://search.pstatic.net/common/?autoRotate=true&type=w278_sharpen&src=https%3A%2F%2Fldb-phinf.pstatic.net%2F20190127_49%2F1548575880500b5o5G_JPEG%2FnHzcsxW8Sp1T7S7hf-1kpYiK.jpeg.jpg,38,2,8.37
158,부일횟집,,,2,,
159,제임스김밥,,,7,2,
160,책탑,,,,,
161,토박이집,,,2,,
162,내고향추어탕,4.45,,158,8,8.55
163,인얼스커피 현대백화점 부산점,4.44,,472,27,8.82
164,소양강횟집,4.77,,27,12,8.87
165,카마타케제면소 현대백화점부산점,4.25,,41,23,8.35
166,시키면돼지&시키면두마리치킨,,,5,,
167,범천가야밀면,4.25,,65,4,8.35
168,맵도리탕 범일동점,,,,,
169,다계촌 범일2점,,,,,
170,사또집,,,,,
171,룰루요거트 현대백화점 부산점,,,7,1,
172,던킨도너츠,4.79,,11,,
173,잣품은그집 현대백화점 부산점,4.64,https://search.pstatic.net/common/?autoRotate=true&type=w278_sharpen&src=https%3A%2F%2Fldb-phinf.pstatic.net%2F20220112_69%2F1641967191452o9BKz_JPEG%2F1636338245209.jpg,52,1,8.74
174,불막열삼 부산진역점,,https://search.pstatic.net/common/?autoRotate=true&type=w278_sharpen&src=https%3A%2F%2Fldb-phinf.pstatic.net%2F20211022_115%2F1634878508562KlMNg_PNG%2F9V18zkOTPXNk6dKC7dOMUHBf.png,3,2,
175,함지박분식,,,1,3,
176,송원식당,,,3,,
177,선영분식,4.68,,25,2,8.78
178,수정갈비탕,4.2,,22,,
179,빈센트,4.07,,28,6,8.17
180,올드팝,4.29,,21,,
181,빅맘마 김치찌개,,,1,,
182,제주오전복 현대백화점 부산점,4.34,https://search.pstatic.net/common/?autoRotate=true&type=w278_sharpen&src=https%3A%2F%2Fldb-phinf.pstatic.net%2F20200702_3%2F1593640637016FYtR5_JPEG%2F0eOxB8gtIBGULVo6YnvP-oLF.jpg,50,5,8.44
183,코야커피,4.32,,51,1,8.42
184,오복삼계탕,4.35,,120,18,8.45
185,카페온기,4.25,,191,5,8.35
186,금수저은수저,4.37,,34,1,8.47
187,만나분식,4.46,,24,,
188,동구밀면,,,14,,
189,부영갈비,,,11,,
190,BHC치킨 부산범내골점,4.47,,,33,
191,푸라닭 부산범일점,4.59,,,24,
192,등나무집아구찜,3.6,,13,2,7.7
193,범일식당,,,5,,
194,돈짱맛짱,4.29,https://search.pstatic.net/common/?autoRotate=true&type=w278_sharpen&src=https%3A%2F%2Fldb-phinf.pstatic.net%2F20191030_17%2F1572409405157v9CSq_JPEG%2Fo6ohLJZi4a8dlQYfbiBXnjgM.JPG.jpg,141,8,8.39
195,유가네닭갈비 부산진역점,4.18,https://search.pstatic.net/common/?autoRotate=true&type=w278_sharpen&src=https%3A%2F%2Fldb-phinf.pstatic.net%2F20200227_168%2F1582781176918XiVPI_PNG%2FSXlCZCIAbbp8qXO531FhjnsI.png,147,11,8.28
196,공차 현대백화점 부산점,4.49,https://search.pstatic.net/common/?autoRotate=true&type=w278_sharpen&src=https%3A%2F%2Fldb-phinf.pstatic.net%2F20200420_267%2F1587360983121KXDd7_JPEG%2FfotGlkovJ3UGT5Gkmzqd990T.jpg,449,12,8.87
197,서무결베이커리카페,4.25,,408,1,8.63
198,본가밀면,5,https://search.pstatic.net/common/?autoRotate=true&type=w560_sharpen&src=http%3A%2F%2Fblogfiles.naver.net%2F20150725_295%2Fsshm1219_1437814075487pfBlR_JPEG%2F20150723_131145.jpg,20,3,9.1
199,삼겹이네 수정점,4.25,https://search.pstatic.net/common/?autoRotate=true&type=w278_sharpen&src=https%3A%2F%2Fldb-phinf.pstatic.net%2F20200604_240%2F1591281372268oXid9_JPEG%2F1EMszSXIQBlZCEQrAYFyJ8FX.jpg,340,30,8.56
200,가스름제주생고기촌,4.32,,19,1,8.42
201,이박사생고기,4.5,,12,1,8.6
202,수정생아구탕,4.49,https://search.pstatic.net/common/?autoRotate=true&type=w278_sharpen&src=https%3A%2F%2Fldb-phinf.pstatic.net%2F20200228_35%2F1582863924308PM0c7_JPEG%2FgxFfm5WGvZQfIo8YFJ7snM6h.jpg,87,3,8.59
203,손큰집,,,,2,
204,멕시칸좌천점,,,3,,
205,박민후대구탕본점,4.45,https://search.pstatic.net/common/?autoRotate=true&type=w278_sharpen&src=https%3A%2F%2Fldb-phinf.pstatic.net%2F20150831_196%2F14409877226564sXse_JPEG%2F137058633053689_0.jpeg,275,67,8.69
206,프랑스에다녀온붕어빵 부산점,,,1,8,
207,굽네치킨 부산범일점,4.33,,,3,
208,일송돼지목살숯불구이,4.14,,126,4,8.24
209,고흥식당,,,2,,
210,김대리비어,4.58,,74,1,8.68
211,만석미역 현대백화점 부산점,,,4,,
212,옵서예분식,,,1,1,
213,승승 범천점,4.44,,106,2,8.54
214,카페블룸,4.51,,100,19,8.61
215,남포수제비 현대백화점부산점,4.36,,420,14,8.74
216,남원추어탕,4.17,,11,4,8.27
217,커피집,,,5,,
218,브레드웨이,,,9,15,
219,엄마손순두부,4.55,https://search.pstatic.net/common/?autoRotate=true&type=w278_sharpen&src=https%3A%2F%2Fldb-phinf.pstatic.net%2F20181112_97%2F1541993327118CuUEb_JPEG%2FMORQU2rpN4xxvXKH7LybSl-n.jpg,115,10,8.65
220,노르딕연어 현대백화점부산점,4.28,https://search.pstatic.net/common/?autoRotate=true&type=w278_sharpen&src=https%3A%2F%2Fldb-phinf.pstatic.net%2F20200710_162%2F15943339098193NiCd_JPEG%2FlKqfuxsN8Goe5lsNhD-cqL2J.jpg,51,3,8.38
221,남양족발,4.4,,69,,
222,골목양분식,4.56,,27,,
223,양지추어탕,4.24,,143,8,8.34
224,팔도얼큰칼국수 현대백화점 부산점,,,7,3,
225,띠뚱전골,5,https://search.pstatic.net/common/?autoRotate=true&type=w278_sharpen&src=http%3A%2F%2Fblogfiles.naver.net%2FMjAyMjA0MDVfMTgx%2FMDAxNjQ5MTQyMTU4Nzcz.9QfXy0sXP6azOuE22wzpO39aMI1xfvv0q0H_OVqw5Icg.Bd-h2swkrTOmBUPeBr40iQMC_cmvkpThrhc8f1lsGWwg.JPEG.guga87%2F01.jpg,19,4,9.1
226,오오키돈까스,4.03,https://search.pstatic.net/common/?autoRotate=true&type=w278_sharpen&src=https%3A%2F%2Fldb-phinf.pstatic.net%2F20200518_32%2F1589798442053BG4Gu_JPEG%2F_hN5I8V-uWrc7s3DuL9Co9kj.jpg,29,2,8.13
227,호면앤반 현대백화점부산점,4.25,,111,7,8.35
228,전주선비빔 현대백화점 부산점,4.31,,116,6,8.41
229,동성골목집,,,,,
230,북성로연탄구이 수정점,,,7,,
231,싱싱도매횟집,4.32,,56,2,8.42
232,미락원,4.14,,78,,
233,카페 마엔코,,,7,,
234,중앙돼지국밥,4.22,,85,4,8.32
235,다올복집,4.36,,83,8,8.46
236,옹헤야불백 현대백화점 부산점,4.48,,208,2,8.72
237,혼밥대장,,,3,,
238,중앙숯불갈비,4.14,,173,44,8.24
239,그린파이브 현대백화점부산점,4.31,,71,1,8.41
240,연돼지국밥 범천점,4.38,https://search.pstatic.net/common/?autoRotate=true&type=w278_sharpen&src=https%3A%2F%2Fldb-phinf.pstatic.net%2F20171221_286%2F1513788167477vqKH4_JPEG%2FeGeap_QGKLZUWd6wJzDZPNGl.jpg,195,28,8.48
241,다카라함바그 현대백화점 부산점,4.46,https://search.pstatic.net/common/?autoRotate=true&type=w278_sharpen&src=https%3A%2F%2Fldb-phinf.pstatic.net%2F20150901_40%2F1441095994550XdYXz_JPEG%2F166553524772871_0.jpeg,69,34,8.56
242,낭만돼지,,https://search.pstatic.net/common/?autoRotate=true&type=w278_sharpen&src=https%3A%2F%2Fldb-phinf.pstatic.net%2F20200620_261%2F1592642574957UXftY_JPEG%2FST9ymP8L6iR7GiaBFuE5h3TU.jpg,,,
243,카페노르딕,5,https://search.pstatic.net/common/?autoRotate=true&type=w560_sharpen&src=http%3A%2F%2Fblogfiles.naver.net%2FMjAyMjA1MjJfMjky%2FMDAxNjUzMjI0NTc2MzYx.ar0Iwf3lBh01gOmPjGm1mn5jFegUnTULufjFao3ZHWUg.Ub6uxGGNancHpiJG6AXfAUlRQe115zxZF5ItDL97UYQg.JPEG.baeraedang%2FIMG_9702.jpg,12,1,9.1
244,움트 현대백화점 부산점,4.49,https://search.pstatic.net/common/?autoRotate=true&type=w278_sharpen&src=https%3A%2F%2Fldb-phinf.pstatic.net%2F20200427_82%2F1587966469024Sn0I8_JPEG%2FWpohv2TWH66Fv2HT2QoL-zuw.jpg,44,6,8.59
245,라라페포니,,https://search.pstatic.net/common/?autoRotate=true&type=w278_sharpen&src=https%3A%2F%2Fldb-phinf.pstatic.net%2F20211230_288%2F1640800943002jhtmo_JPEG%2FIMG_4914.JPG,1,467,
246,게이코,4.63,https://search.pstatic.net/common/?autoRotate=true&type=w278_sharpen&src=https%3A%2F%2Fldb-phinf.pstatic.net%2F20200903_144%2F1599140362877of3rB_JPEG%2FP7LydzcR_YeQa6lFK16cbLvH.jpg,30,,
247,태양반점,4.67,,59,1,8.77
248,투썸플레이스 부산문현금융단지점,4.26,,575,39,8.71
249,찬돌이네 떡갈비,,,19,,
250,아름다운밤,,https://search.pstatic.net/common/?autoRotate=true&type=w278_sharpen&src=https%3A%2F%2Fldb-phinf.pstatic.net%2F20211229_38%2F1640758587358TjCUd_JPEG%2F20211224_201807.jpg,9,10,
251,영아네,,,1,,
252,이비가짬뽕,4.67,,31,,
253,티바두마리치킨좌천범일점,,,1,,
254,꼬리치는장어,4.6,https://search.pstatic.net/common/?autoRotate=true&type=w278_sharpen&src=https%3A%2F%2Fldb-phinf.pstatic.net%2F20200529_32%2F1590759169100GL29l_JPEG%2F_-ObkMGArjUGjsYv63qJLitL.jpeg.jpg,15,,
255,카페리빗,4.42,https://search.pstatic.net/common/?autoRotate=true&type=w278_sharpen&src=https%3A%2F%2Fldb-phinf.pstatic.net%2F20190402_258%2F1554185430546CGu8z_JPEG%2Fa5O5bN2WCjh0fv3DQH-mp1rr.jpg,118,53,8.52
256,지호김밥우동,,,1,,
257,현대분식,,,2,,
258,퍼펙트아이스 범일부산현대백화점,4.47,,26,7,8.57
259,부추손칼국수,,,,12,
260,데판혼포 현대백화점부산,4.25,,56,2,8.35
261,미스시,,,3,,
262,이레식품,4.3,,43,,
263,해물손칼국수,,,4,,
264,유지로 세스이,,,2,6,
265,청룡맥주,,,25,2,
266,델리카트슨,,,1,,
267,할매손충무김밥 현대백화점부산점,4.69,,32,2,8.79
268,대수정 현대백화점 부산점,,,4,,
269,오떡순,4.64,,12,1,8.74
270,엄마네부엌,,,9,2,
271,팔도칼국수,4.65,,47,9,8.75
272,숲 카페,4.57,https://search.pstatic.net/common/?autoRotate=true&type=w278_sharpen&src=https%3A%2F%2Fldb-phinf.pstatic.net%2F20190319_33%2F1552972245709i8WSw_JPEG%2F_v3bx9-DNSvDmjzXWsos3rrc.jpg,117,3,8.67
273,백년백계닭강정 현대백화점 부산점,,,6,,
274,아지트,,,,,
275,시골돼지국밥,,,2,3,
276,영빈갈비,,,13,,
277,일로공작,4.75,https://search.pstatic.net/common/?autoRotate=true&type=w278_sharpen&src=https%3A%2F%2Fldb-phinf.pstatic.net%2F20210714_123%2F1626240176366OKpXf_JPEG%2Fqm6_73WqZh_54CmfvYoCMvc6.jpg,48,3,8.85
278,성북고개식당,,https://search.pstatic.net/common/?autoRotate=true&type=w278_sharpen&src=https%3A%2F%2Fldb-phinf.pstatic.net%2F20171005_203%2F15071699049126jQDd_PNG%2FrFYWX_xUpNcs3fUJADy4bRzw.PNG.png,,2,
279,꽃돼지소숯불갈비,4.39,,57,2,8.49
280,귀한손순두부,,,2,,
281,아슬란,3.83,,14,,
282,카페어울림,,,,1,
283,통영기사식당,,,,4,
284,유토 현대백화점 부산점,4.66,,80,3,8.76
285,타임,,,5,,
286,반디나무,4.47,,395,17,8.78
287,땡큐,,,1,,
288,포하우스 현대백화점 부산점,4.39,,1386,,
289,서울메밀면옥,4.42,,160,6,8.52
290,와인샵 현대백화점 부산점,,,9,,
291,김해뒷고기삼겹살,,,4,22,
292,앤티앤스프레즐 현대백화점부산점,4.37,,1650,2,9.03
293,호포갈비 문현점,4.44,https://search.pstatic.net/common/?autoRotate=true&type=w560_sharpen&src=http%3A%2F%2Fblogfiles.naver.net%2FMjAyMjAzMzBfMjYx%2FMDAxNjQ4NjEwMjMzNzQ4.Dp56nkoO0CJQRxENfAl2JJQwWGpmzQbG0nN76cqXjzYg.HhvP7mKF7l4sl91IdqgDuksFRKDrmh2Oies9hH9mKa0g.JPEG.hmj00115%2FIMG_2536.jpg,2113,404,9.29
294,정선장횟집,4.32,https://search.pstatic.net/common/?autoRotate=true&type=w278_sharpen&src=https%3A%2F%2Fldb-phinf.pstatic.net%2F20200710_72%2F1594354357975GncgO_JPEG%2F3l2EcjT-4hi_eR5qMjxH3HmO.jpeg.jpg,138,9,8.42
295,솔잎국수,,https://search.pstatic.net/common/?autoRotate=true&type=w278_sharpen&src=https%3A%2F%2Fldb-phinf.pstatic.net%2F20200428_205%2F15880823169892GfOf_JPEG%2FYSW9FcagMl7Ou-ygV-Wx-Cxa.jpg,,2,
296,영지다슬기들깨탕,4.59,,47,12,8.69
297,규봉카레,4.65,https://search.pstatic.net/common/?autoRotate=true&type=w278_sharpen&src=https%3A%2F%2Fldb-phinf.pstatic.net%2F20200504_103%2F1588574783947LMGV5_JPEG%2FDcoqR5yeLhAnqNe-eKVVPvV3.jpg,199,57,8.75
298,돌담뒷통구이,3.81,,22,1,7.91
299,영심이왕족발 수정점,4.53,https://search.pstatic.net/common/?autoRotate=true&type=w278_sharpen&src=https%3A%2F%2Fldb-phinf.pstatic.net%2F20190129_101%2F15487410260513vlW1_JPEG%2FazOPN2Lee1FclsR77DUIC1LQ.jpeg.jpg,546,48,8.98
